step,loss,sdf_loss,dro_loss,time
0,1.8697261810302734,0.18863637745380402,8.594085693359375,0.850421566516161
1,1.8874907493591309,0.19048668444156647,8.675506591796875,0.02383948117494583
2,1.8656257390975952,0.188243106007576,8.575156211853027,0.02115067094564438
3,1.8765215873718262,0.1893654465675354,8.62514591217041,0.02657989878207445
4,1.8606195449829102,0.18774069845676422,8.55213451385498,0.026774276979267597
5,1.853431224822998,0.1869744509458542,8.519258499145508,0.02734410483390093
6,1.824758768081665,0.18399108946323395,8.387829780578613,0.027040702290832996
7,1.8041503429412842,0.18190637230873108,8.293126106262207,0.025846143253147602
8,1.7753493785858154,0.17890073359012604,8.16114330291748,0.025976973585784435
9,1.7544981241226196,0.17669205367565155,8.065722465515137,0.026652898639440536
10,1.7133102416992188,0.1725504994392395,7.876348972320557,0.02660909667611122
11,1.6833882331848145,0.1693662852048874,7.739475727081299,0.027813130989670753
12,1.6499934196472168,0.16592124104499817,7.586281776428223,0.027807901613414288
13,1.5975333452224731,0.16047924757003784,7.345749855041504,0.027791415341198444
14,1.5619251728057861,0.1567409187555313,7.182661533355713,0.02602027729153633
15,1.5193283557891846,0.15220533311367035,6.987820148468018,0.026205475442111492
16,1.4449186325073242,0.14454369246959686,6.646418571472168,0.024931835010647774
17,1.401644229888916,0.13994841277599335,6.448427200317383,0.024873169139027596
18,1.3276628255844116,0.13227926194667816,6.10919713973999,0.025639801286160946
19,1.2485090494155884,0.12379201501607895,5.747377395629883,0.026552333496510983
20,1.1853071451187134,0.11708588898181915,5.458191871643066,0.02707046177238226
21,1.127932071685791,0.11086828261613846,5.196187496185303,0.025658095255494118
22,1.038396954536438,0.1011257916688919,4.787481307983398,0.02573966048657894
23,0.9613826274871826,0.0926080048084259,4.43648099899292,0.02589012961834669
24,0.8927627205848694,0.08503662794828415,4.123667240142822,0.027662215754389763
25,0.7892401218414307,0.07364404201507568,3.6516242027282715,0.028217069804668427
26,0.7227140665054321,0.06607191264629364,3.349282741546631,0.028166471980512142
27,0.6749280095100403,0.06083667278289795,3.131293296813965,0.02688185777515173
28,0.6309290528297424,0.05599813163280487,2.9306528568267822,0.02663972321897745
29,0.5831360816955566,0.05041914060711861,2.714003801345825,0.02722123544663191
30,0.5809173583984375,0.050200823694467545,2.7037835121154785,0.027738742530345917
31,0.5853305459022522,0.051020603626966476,2.7225701808929443,0.028363361954689026
32,0.5991910696029663,0.05293162539601326,2.784228801727295,0.024284602142870426
33,0.626156210899353,0.05607181787490845,2.906493902206421,0.026076550595462322
34,0.6409953236579895,0.05800562724471092,2.972954273223877,0.025530843995511532
35,0.6518393158912659,0.059319980442523956,3.021916627883911,0.0263397553935647
36,0.6674070358276367,0.06105218827724457,3.0928261280059814,0.02694695256650448
37,0.6593807935714722,0.06012233719229698,3.0564146041870117,0.02752348966896534
38,0.6430256366729736,0.05837053060531616,2.9816460609436035,0.027919087558984756
39,0.6164429187774658,0.05536115542054176,2.860769748687744,0.028096988797187805
40,0.591769278049469,0.05259472504258156,2.748467445373535,0.026628654450178146
41,0.5548523664474487,0.04834526777267456,2.580880880355835,0.026934390887618065
42,0.5178871154785156,0.043855324387550354,2.4140141010284424,0.02741796988993883
43,0.4758039712905884,0.03877763822674751,2.223909378051758,0.026503153145313263
44,0.4455283582210541,0.03481918200850487,2.088365077972412,0.02719606924802065
45,0.42315125465393066,0.031844720244407654,1.988377332687378,0.02606023568660021
46,0.41512948274612427,0.03071010671555996,1.9528069496154785,0.025612400844693184
47,0.4257984459400177,0.031985580921173096,2.0010499954223633,0.025655153207480907
48,0.4171775281429291,0.031041722744703293,1.9617207050323486,0.027576033025979996
49,0.4220871925354004,0.031502675265073776,1.9844251871109009,0.027703027240931988
50,0.41067060828208923,0.030455205589532852,1.9315321445465088,0.02829959522932768
51,0.4070850908756256,0.029912389814853668,1.9157757759094238,0.025689353235065937
52,0.38860639929771423,0.027455076575279236,1.8332116603851318,0.02606774028390646
53,0.3700571358203888,0.024898586794734,1.7506914138793945,0.025898155756294727
54,0.35375726222991943,0.022702299058437347,1.6779770851135254,0.02647185791283846
55,0.34319522976875305,0.021156447008252144,1.6313503980636597,0.026068720035254955
56,0.3391915261745453,0.020755495876073837,1.6129356622695923,0.027300539426505566
57,0.33323660492897034,0.020373690873384476,1.5846881866455078,0.027174468152225018
58,0.33488041162490845,0.02068246342241764,1.5916720628738403,0.02840803936123848
59,0.3415791988372803,0.02173912525177002,1.6209394931793213,0.02653392031788826
60,0.33422088623046875,0.020689425989985466,1.5883466005325317,0.027370380237698555
61,0.33209896087646484,0.020039919763803482,1.5803351402282715,0.026027023792266846
62,0.32269930839538574,0.018599536269903183,1.5390983819961548,0.026637676171958447
63,0.3111719489097595,0.016858289018273354,1.4884265661239624,0.026463309302926064
64,0.314907431602478,0.017067592591047287,1.506266713142395,0.027675973251461983
65,0.31516072154045105,0.017157377675175667,1.507174015045166,0.02771267108619213
66,0.3194136619567871,0.01780715212225914,1.5258396863937378,0.028300181962549686
67,0.32330450415611267,0.01814275234937668,1.5439515113830566,0.02668527513742447
68,0.31312960386276245,0.016790619120001793,1.4984854459762573,0.026284674182534218
69,0.30297213792800903,0.01568751409649849,1.4521106481552124,0.026749583892524242
70,0.29506421089172363,0.014635877683758736,1.416777491569519,0.027106977999210358
71,0.29508259892463684,0.014554125256836414,1.41719651222229,0.027475520968437195
72,0.29844599962234497,0.015137756243348122,1.4316790103912354,0.026432794518768787
73,0.2989753782749176,0.015287014655768871,1.4337286949157715,0.025728916749358177
74,0.2970515787601471,0.014894552528858185,1.4256795644760132,0.02604549750685692
75,0.2938900887966156,0.01456210296601057,1.411202073097229,0.02729109674692154
76,0.292394757270813,0.014043685980141163,1.4057990312576294,0.02725900150835514
77,0.28613898158073425,0.013101809658110142,1.378287672996521,0.028362120501697063
78,0.28689512610435486,0.012996678240597248,1.3824888467788696,0.02580974716693163
79,0.2877475619316101,0.012999450787901878,1.3867400884628296,0.026715845800936222
80,0.28557467460632324,0.01286375429481268,1.3764183521270752,0.026791238225996494
81,0.2847205400466919,0.012629817239940166,1.3730833530426025,0.025886652059853077
82,0.2825222909450531,0.012529791332781315,1.362492322921753,0.026979027315974236
83,0.28127071261405945,0.012540372088551521,1.3561919927597046,0.027783719822764397
84,0.28110170364379883,0.012463042512536049,1.355656385421753,0.025798668153584003
85,0.2792607545852661,0.012445376254618168,1.3465222120285034,0.025242322124540806
86,0.27871546149253845,0.012250620871782303,1.3445748090744019,0.025831708684563637
87,0.2769884765148163,0.011855143122375011,1.3375217914581299,0.019775360822677612
88,0.2783648371696472,0.011778580956161022,1.344709873199463,0.01968654990196228
89,0.27818912267684937,0.011557303369045258,1.3447164297103882,0.018903840333223343
90,0.27984920144081116,0.011764850467443466,1.352186679840088,0.018878928385674953
91,0.27633902430534363,0.011532391421496868,1.3355655670166016,0.019743405282497406
92,0.27642327547073364,0.011509954929351807,1.3360764980316162,0.01884052436798811
93,0.2754431366920471,0.011291415430605412,1.3320499658584595,0.01878503616899252
94,0.2756056487560272,0.011559887789189816,1.3317887783050537,0.018834874033927917
95,0.27302035689353943,0.011265736073255539,1.3200387954711914,0.01943668257445097
96,0.2739027440547943,0.01124595943838358,1.3245298862457275,0.018806708976626396
97,0.2728155851364136,0.011028822511434555,1.319962501525879,0.01884188037365675
98,0.2724187970161438,0.011090979911386967,1.3177300691604614,0.01891478430479765
99,0.2717856764793396,0.010963691398501396,1.3150736093521118,0.01945621147751808
100,0.27279868721961975,0.010934089310467243,1.3202569484710693,0.018807893618941307
101,0.27324098348617554,0.010951528325676918,1.3223987817764282,0.018858822993934155
102,0.27033403515815735,0.010675566270947456,1.3089679479599,0.018935594707727432
103,0.271272748708725,0.010789038613438606,1.3132076263427734,0.019336075522005558
104,0.27121293544769287,0.010646251030266285,1.3134796619415283,0.018776393495500088
105,0.26936933398246765,0.010574305430054665,1.3045493364334106,0.01884518377482891
106,0.26993367075920105,0.01055107917636633,1.3074640035629272,0.0198044590651989
107,0.270420640707016,0.010557073168456554,1.3098748922348022,0.018931971862912178
108,0.2719653844833374,0.010576138272881508,1.3175222873687744,0.018901065923273563
109,0.27045461535453796,0.01062798872590065,1.3097610473632812,0.018855614587664604
110,0.2697103023529053,0.010568996891379356,1.306275486946106,0.01877851039171219
111,0.268566370010376,0.010654368437826633,1.300214409828186,0.018707789480686188
112,0.2687685489654541,0.010527804493904114,1.3017314672470093,0.01882376056164503
113,0.267678439617157,0.010266312398016453,1.297326922416687,0.018956996500492096
114,0.26770877838134766,0.01039939746260643,1.2969462871551514,0.01877367589622736
115,0.2686070501804352,0.010224658995866776,1.3021365404129028,0.018803558312356472
116,0.26726195216178894,0.010154730640351772,1.2956907749176025,0.01876114495098591
117,0.26623740792274475,0.010136762633919716,1.290639877319336,0.0187643151730299
118,0.26631447672843933,0.0102377375587821,1.2906213998794556,0.01877950131893158
119,0.2682197391986847,0.010267932899296284,1.3000268936157227,0.018821561709046364
120,0.2657608389854431,0.010069126263260841,1.2885277271270752,0.0189016442745924
121,0.267167866230011,0.009964115917682648,1.295982837677002,0.01897156797349453
122,0.26722872257232666,0.010118654929101467,1.2956689596176147,0.018904706463217735
123,0.26694509387016296,0.009918377734720707,1.2950519323349,0.01893115509301424
124,0.2660657465457916,0.010163401253521442,1.289674997329712,0.018842391669750214
125,0.2655012905597687,0.009840208105742931,1.288145661354065,0.01935027725994587
126,0.266279935836792,0.00995957013219595,1.2915613651275635,0.018763285130262375
127,0.2652353048324585,0.010034688748419285,1.2860376834869385,0.018755687400698662
128,0.2657583951950073,0.009984202682971954,1.2888551950454712,0.018797331489622593
129,0.26489707827568054,0.009907159022986889,1.2848567962646484,0.01976722478866577
130,0.2648140788078308,0.009754111059010029,1.2850538492202759,0.01879782136529684
131,0.26411890983581543,0.009850912727415562,1.2811909914016724,0.018768510781228542
132,0.2642606496810913,0.009774181991815567,1.282206416130066,0.01880914345383644
133,0.2632448077201843,0.009692590683698654,1.2774535417556763,0.01973552629351616
134,0.26251477003097534,0.009667742997407913,1.2739028930664062,0.0189224099740386
135,0.2643943428993225,0.009646395221352577,1.28338623046875,0.018885822035372257
136,0.2643207013607025,0.009814895689487457,1.282343864440918,0.018754465505480766
137,0.26254233717918396,0.009674116037786007,1.274015188217163,0.019428771920502186
138,0.263671338558197,0.009636567905545235,1.2798103094100952,0.019062732346355915
139,0.262212872505188,0.009709987789392471,1.2722243070602417,0.018847577273845673
140,0.26442834734916687,0.009820162318646908,1.2828609943389893,0.01885182410478592
141,0.2637902498245239,0.009517231956124306,1.2808823585510254,0.018849744461476803
142,0.2619266211986542,0.009412498213350773,1.271983027458191,0.018856775015592575
143,0.26076579093933105,0.009460623376071453,1.2659863233566284,0.018853367306292057
144,0.26067325472831726,0.00945151224732399,1.2655601501464844,0.018823578022420406
145,0.26120725274086,0.0095205781981349,1.267953872680664,0.018909807316958904
146,0.25890815258026123,0.00931820273399353,1.2572678327560425,0.0188382500782609
147,0.26037704944610596,0.009163630194962025,1.2652307748794556,0.01881199236959219
148,0.2624499797821045,0.009232020936906338,1.2753218412399292,0.019295048899948597
149,0.26009702682495117,0.009295071475207806,1.2633048295974731,0.018761783838272095
150,0.2628072500228882,0.009423725306987762,1.2763413190841675,0.01878164242953062
151,0.2611801326274872,0.009411221370100975,1.2682557106018066,0.018835779279470444
152,0.2612985074520111,0.009380788542330265,1.2689692974090576,0.01886530313640833
153,0.2614874243736267,0.009187357500195503,1.2706876993179321,0.01883824821561575
154,0.26078084111213684,0.009092464111745358,1.2675343751907349,0.018778114579617977
155,0.26030412316322327,0.009259461425244808,1.2644827365875244,0.01879050489515066
156,0.2603205740451813,0.009254615753889084,1.2645843029022217,0.019408696331083775
157,0.25850623846054077,0.008981358259916306,1.256605625152588,0.018777035176753998
158,0.2593216598033905,0.009096133522689342,1.2602237462997437,0.01881193369626999
159,0.2582062780857086,0.00889517366886139,1.2554506063461304,0.018918064422905445
160,0.2606395483016968,0.009091731160879135,1.2668308019638062,0.01933713722974062
161,0.26026710867881775,0.008919968269765377,1.265655517578125,0.018840313889086246
162,0.2591842710971832,0.00879878830164671,1.2607260942459106,0.01887767668813467
163,0.2585217356681824,0.008898964151740074,1.2570127248764038,0.01895707193762064
164,0.25801098346710205,0.008964106440544128,1.2541985511779785,0.019317314960062504
165,0.2575298845767975,0.008840731345117092,1.252286434173584,0.018848692066967487
166,0.25735288858413696,0.00875486247241497,1.2517448663711548,0.01882826443761587
167,0.25833699107170105,0.00878460519015789,1.2565464973449707,0.01887224242091179
168,0.2574028968811035,0.008791772648692131,1.2518473863601685,0.019534693099558353
169,0.25702372193336487,0.008758099749684334,1.2500863075256348,0.01892872992902994
170,0.257146418094635,0.008734234608709812,1.2507951259613037,0.018821888603270054
171,0.25671321153640747,0.008596655912697315,1.2491793632507324,0.019136677496135235
172,0.25753867626190186,0.008598103187978268,1.2533009052276611,0.018787027336657047
173,0.2561214566230774,0.008495477959513664,1.246625304222107,0.018764016218483448
174,0.2551712095737457,0.008407249115407467,1.2422270774841309,0.018780243583023548
175,0.2566230297088623,0.008441728539764881,1.2493482828140259,0.01881827414035797
176,0.25503605604171753,0.008454283699393272,1.2413631677627563,0.018868744373321533
177,0.256254643201828,0.008325746282935143,1.2479702234268188,0.018889318220317364
178,0.2545411288738251,0.008314977400004864,1.239445686340332,0.018843327648937702
179,0.2560718059539795,0.008390035480260849,1.2467988729476929,0.01885933056473732
180,0.25640153884887695,0.008310730569064617,1.2487647533416748,0.01896481215953827
181,0.2544092833995819,0.008191934786736965,1.2392786741256714,0.018940500915050507
182,0.25473740696907043,0.008230198174715042,1.240766167640686,0.01887558400630951
183,0.25494128465652466,0.008263183757662773,1.2416536808013916,0.019494228065013885
184,0.25476524233818054,0.008143619634211063,1.2412517070770264,0.018849664367735386
185,0.25445565581321716,0.00816498976200819,1.2396183013916016,0.018767740577459335
186,0.2562396824359894,0.008015808649361134,1.249135136604309,0.018780182115733624
187,0.2537069618701935,0.008063309825956821,1.2362815141677856,0.019390848465263844
188,0.2522667348384857,0.008032766170799732,1.2292026281356812,0.01876484975218773
189,0.2530704736709595,0.007965627126395702,1.2334898710250854,0.018789976835250854
190,0.25346341729164124,0.00791084673255682,1.2356736660003662,0.018869629129767418
191,0.2530578076839447,0.007950037717819214,1.2334887981414795,0.019392008893191814
192,0.2542017698287964,0.007887938991189003,1.2394570112228394,0.018804936669766903
193,0.2525895833969116,0.007830925285816193,1.2316242456436157,0.018854391761124134
194,0.2532554864883423,0.008011609315872192,1.2342309951782227,0.018859808333218098
195,0.2533588707447052,0.007694099098443985,1.2360179424285889,0.019610250368714333
196,0.25444847345352173,0.007842116989195347,1.2408738136291504,0.018828462809324265
197,0.2531334459781647,0.008040942251682281,1.2335034608840942,0.01887394953519106
198,0.25327473878860474,0.007687228731811047,1.2356247901916504,0.018850618973374367
199,0.2519682049751282,0.007602890022099018,1.2294294834136963,0.019263374619185925
200,0.2543383538722992,0.007970904931426048,1.239808201789856,0.01880528498440981
201,0.2515333294868469,0.0074489666149020195,1.2278707027435303,0.01887743640691042
202,0.2516123950481415,0.007554369047284126,1.227844476699829,0.018962446600198746
203,0.2506389915943146,0.00758726429194212,1.2228457927703857,0.019355720840394497
204,0.2513921558856964,0.007479027379304171,1.2270445823669434,0.018880088813602924
205,0.2515610158443451,0.0075543103739619255,1.2275878190994263,0.01891369093209505
206,0.25158652663230896,0.007507577538490295,1.2279022932052612,0.0189127279445529
207,0.25225889682769775,0.007330419961363077,1.2319728136062622,0.019536398351192474
208,0.2516475021839142,0.007510012481361628,1.228197455406189,0.01893471833318472
209,0.24962067604064941,0.007316612638533115,1.2188369035720825,0.018815933726727962
210,0.2521534562110901,0.00727065559476614,1.231684684753418,0.019956868141889572
211,0.2508842647075653,0.007307865656912327,1.2251898050308228,0.018779078498482704
212,0.2502571642398834,0.0073682148940861225,1.2218128442764282,0.01876746118068695
213,0.2507273256778717,0.007167637348175049,1.224966049194336,0.018797592259943485
214,0.2515289783477783,0.007403597701340914,1.2280305624008179,0.018924761563539505
215,0.2518061399459839,0.007485958747565746,1.2290868759155273,0.01888475939631462
216,0.25103291869163513,0.007126469165086746,1.2266587018966675,0.018842430785298347
217,0.25085464119911194,0.00730173708871007,1.2250661849975586,0.018846653401851654
218,0.25027695298194885,0.007206551264971495,1.2225584983825684,0.01915828976780176
219,0.2537198066711426,0.007040190510451794,1.2404382228851318,0.01887306198477745
220,0.25265610218048096,0.007796546909958124,1.232094407081604,0.018967442214488983
221,0.2511679530143738,0.007063244469463825,1.2275867462158203,0.01888972707092762
222,0.24983400106430054,0.007212047930806875,1.220321774482727,0.019454062916338444
223,0.2507055401802063,0.007420223671942949,1.2238467931747437,0.01886580977588892
224,0.2539269030094147,0.007205775938928127,1.2408113479614258,0.018927916884422302
225,0.25232213735580444,0.007621950935572386,1.2311228513717651,0.018999045714735985
226,0.2516013979911804,0.007042340002954006,1.2298376560211182,0.019486472941935062
227,0.25006774067878723,0.007028320338577032,1.2222254276275635,0.018916060216724873
228,0.25490209460258484,0.007964536547660828,1.2426522970199585,0.019443530589342117
229,0.25222042202949524,0.007011441048234701,1.2330564260482788,0.019810964353382587
230,0.25007641315460205,0.007050591986626387,1.222179651260376,0.021417075768113136
231,0.25012823939323425,0.006988985929638147,1.2226852178573608,0.023330049589276314
232,0.2510393559932709,0.007019388489425182,1.2271192073822021,0.025141943246126175
233,0.25164955854415894,0.007232870440930128,1.2293163537979126,0.02542791422456503
234,0.25020089745521545,0.006773454137146473,1.2239106893539429,0.026978783309459686
235,0.2494916319847107,0.006819847039878368,1.2201787233352661,0.02779537718743086
236,0.24945659935474396,0.00737984012812376,1.2177636623382568,0.02445955853909254
237,0.25012168288230896,0.006713488604873419,1.2237544059753418,0.025615045800805092
238,0.2500181496143341,0.0070601399056613445,1.2218501567840576,0.026263346895575523
239,0.24984505772590637,0.007048679981380701,1.221030592918396,0.027047067880630493
240,0.2520017921924591,0.006922087632119656,1.2323206663131714,0.026961704716086388
241,0.2523503005504608,0.007628330960869789,1.2312382459640503,0.027274204418063164
242,0.2515454590320587,0.006838503759354353,1.2303732633590698,0.02637473214417696
243,0.2491856813430786,0.007039263844490051,1.217771291732788,0.024338931776583195
244,0.2507057189941406,0.006875402759760618,1.226027011871338,0.02605455182492733
245,0.24902430176734924,0.006639571860432625,1.218563199043274,0.027315099723637104
246,0.2496112734079361,0.0069984616711735725,1.220062494277954,0.02733812853693962
247,0.25002750754356384,0.006711405701935291,1.2232918739318848,0.026888396590948105
248,0.25076279044151306,0.00675539905205369,1.226792335510254,0.025668705813586712
249,0.2487911581993103,0.006726510357111692,1.2170497179031372,0.02490023709833622
250,0.24971336126327515,0.006723653990775347,1.2216721773147583,0.02663656324148178
251,0.2503194808959961,0.006680959835648537,1.2248735427856445,0.02682014275342226
252,0.24897117912769318,0.006870590150356293,1.2173734903335571,0.026429718360304832
253,0.2515467703342438,0.006664163898676634,1.2310771942138672,0.025333546102046967
254,0.2516077756881714,0.007094326429069042,1.2296615839004517,0.02587083075195551
255,0.2519840598106384,0.006657076999545097,1.2332919836044312,0.027032900601625443
256,0.24924887716770172,0.0068062786012887955,1.2190192937850952,0.026914773508906364
257,0.2500963509082794,0.006691004615277052,1.2237176895141602,0.027151762507855892
258,0.2498633712530136,0.006531060673296452,1.223192572593689,0.025749390944838524
259,0.25013092160224915,0.007280548103153706,1.2215323448181152,0.024760198779404163
260,0.25256744027137756,0.006805645767599344,1.2356146574020386,0.02664044499397278
261,0.25372976064682007,0.008322028443217278,1.2353606224060059,0.027141871862113476
262,0.25823596119880676,0.007961051538586617,1.2593355178833008,0.027312754653394222
263,0.2618614733219147,0.01008347887545824,1.268973469734192,0.026641731150448322
264,0.25900551676750183,0.008035167120397091,1.2628870010375977,0.02433657366782427
265,0.25218749046325684,0.007742004003375769,1.2299695014953613,0.025916448794305325
266,0.249367818236351,0.006650637835264206,1.2202365398406982,0.026890416629612446
267,0.25150731205940247,0.006618951912969351,1.2310607433319092,0.02725625690072775
268,0.25517839193344116,0.008084525354206562,1.243553876876831,0.026490284129977226
269,0.25281012058258057,0.007064511068165302,1.2357925176620483,0.024764927104115486
270,0.25137901306152344,0.007200689520686865,1.2280923128128052,0.025506963953375816
271,0.24872329831123352,0.0067423186264932156,1.2166472673416138,0.026990694925189018
272,0.24983228743076324,0.0066426098346710205,1.2225910425186157,0.027130795642733574
273,0.2510918378829956,0.007681852672249079,1.2247318029403687,0.027246675454080105
274,0.251661092042923,0.006813453510403633,1.2310516834259033,0.026655050925910473
275,0.25027546286582947,0.00714625371620059,1.2227922677993774,0.025091580115258694
276,0.24891814589500427,0.006703648250550032,1.2177761793136597,0.02648804895579815
277,0.2507113814353943,0.006663701497018337,1.2269021272659302,0.026896055787801743
278,0.25238513946533203,0.007472819183021784,1.23203444480896,0.026860887184739113
279,0.25011685490608215,0.006620329339057207,1.2241029739379883,0.02679354976862669
280,0.25079309940338135,0.0071139149367809296,1.2255098819732666,0.024288819171488285
281,0.247389554977417,0.0067960890009999275,1.2097634077072144,0.027076873928308487
282,0.24953509867191315,0.006623164284974337,1.2211828231811523,0.027022921480238438
283,0.25093764066696167,0.007126044947654009,1.2261840105056763,0.02721524517983198
284,0.2512643337249756,0.006656511686742306,1.2296956777572632,0.02673474606126547
285,0.2509295344352722,0.006878347601741552,1.2271342277526855,0.025461195036768913
286,0.24943363666534424,0.006710467394441366,1.22032630443573,0.024247108958661556
287,0.24977396428585052,0.0066476925276219845,1.2222790718078613,0.02626129426062107
288,0.24944235384464264,0.007000493351370096,1.2192097902297974,0.027416883036494255
289,0.250014990568161,0.006634718272835016,1.2235360145568848,0.027318648993968964
290,0.2505089044570923,0.006867361254990101,1.225075125694275,0.026564432308077812
291,0.24744758009910583,0.0067226761020720005,1.2103471755981445,0.02408488467335701
292,0.24897518754005432,0.006600168999284506,1.2184752225875854,0.0265564126893878
293,0.2500867247581482,0.007189423777163029,1.2216758728027344,0.027177292853593826
294,0.25288236141204834,0.006857885513454676,1.2369803190231323,0.027056913822889328
295,0.25322091579437256,0.00791340321302414,1.2344509363174438,0.026978056877851486
296,0.255196213722229,0.007168822921812534,1.2473057508468628,0.025771417655050755
297,0.25560247898101807,0.008605718612670898,1.2435894012451172,0.02507454063743353
298,0.25748512148857117,0.007645545993000269,1.2568433284759521,0.026766021735966206
299,0.2563199996948242,0.008960611186921597,1.2457574605941772,0.02689524181187153
300,0.25601887702941895,0.007356161251664162,1.2506697177886963,0.026816275902092457
301,0.25398918986320496,0.007978634908795357,1.2380313873291016,0.02573849819600582
302,0.25217530131340027,0.00666586309671402,1.23421311378479,0.02595357969403267
303,0.24972380697727203,0.006807783152908087,1.2213878631591797,0.026052096858620644
304,0.25133082270622253,0.006955079268664122,1.228833794593811,0.026888085529208183
305,0.2504490911960602,0.006545162759721279,1.2260648012161255,0.026974869892001152
306,0.25184935331344604,0.007650797255337238,1.228643536567688,0.025747758336365223
307,0.2524498999118805,0.006645659450441599,1.2356667518615723,0.02565555553883314
308,0.2513779103755951,0.007386867888271809,1.227342128753662,0.02685911674052477
309,0.2490793764591217,0.00657490361481905,1.2190972566604614,0.026996306143701077
310,0.24979867041110992,0.0066799987107515335,1.222273349761963,0.027112646959722042
311,0.25010445713996887,0.0068769003264606,1.2230147123336792,0.02689102105796337
312,0.2508397400379181,0.0065643941052258015,1.2279410362243652,0.02507826965302229
313,0.25048011541366577,0.007235377095639706,1.223459005355835,0.025688961148262024
314,0.2512284815311432,0.006630195304751396,1.2296216487884521,0.02636637631803751
315,0.2499474436044693,0.007013801485300064,1.2216819524765015,0.027133366093039513
316,0.24903923273086548,0.006579644046723843,1.2188775539398193,0.027094810269773006
317,0.24848227202892303,0.006616860628128052,1.2159439325332642,0.025819310918450356
318,0.24848943948745728,0.006810349877923727,1.2152057886123657,0.024932718835771084
319,0.25013527274131775,0.006641343701630831,1.2241109609603882,0.026554835960268974
320,0.24953444302082062,0.007026650011539459,1.2195656299591064,0.026562483981251717
321,0.25130563974380493,0.006613947916775942,1.2300723791122437,0.02732196170836687
322,0.25403663516044617,0.007983706891536713,1.238248348236084,0.02540686819702387
323,0.2558337152004242,0.007298222277313471,1.2499756813049316,0.025528626516461372
324,0.26077237725257874,0.009482317604124546,1.265932559967041,0.02691036369651556
325,0.2616569399833679,0.008568721823394299,1.2740097045898438,0.027148446068167686
326,0.2633596956729889,0.010179940611124039,1.276078701019287,0.026846224442124367
327,0.2577489912509918,0.007785473484545946,1.2576029300689697,0.026489388197660446
328,0.2533184885978699,0.007870486006140709,1.2351105213165283,0.024827144108712673
329,0.2506352663040161,0.006651749834418297,1.2265692949295044,0.025945601984858513
330,0.250773161649704,0.006635414902120829,1.22732412815094,0.026687524281442165
331,0.2515988051891327,0.007539012935012579,1.2278380393981934,0.02688066940754652
332,0.25535184144973755,0.007083230186253786,1.2484261989593506,0.026627540588378906
333,0.2543698847293854,0.008285093121230602,1.2387090921401978,0.025806313380599022
334,0.25325289368629456,0.006956836674362421,1.2384370565414429,0.026053364388644695
335,0.2493904083967209,0.0074151912704110146,1.217291235923767,0.026507176458835602
336,0.24940204620361328,0.006591586861759424,1.2206438779830933,0.02700976002961397
337,0.24958115816116333,0.006735858973115683,1.2209622859954834,0.02735887747257948
338,0.2498464286327362,0.006797448731958866,1.2220423221588135,0.02679979708045721
339,0.24970611929893494,0.006622205954045057,1.2220417261123657,0.024306748993694782
340,0.24927330017089844,0.006813403684645891,1.2191128730773926,0.025462758727371693
341,0.24863460659980774,0.006583619397133589,1.2168385982513428,0.027300496585667133
342,0.24749575555324554,0.006702218670397997,1.2106698751449585,0.027031539008021355
343,0.2486688494682312,0.006935137789696455,1.2156037092208862,0.02635849080979824
344,0.24846859276294708,0.006519102957099676,1.2162665128707886,0.025557493790984154
345,0.2502239942550659,0.0072743711061775684,1.222022533416748,0.026025723665952682
346,0.25276443362236023,0.0067445095628499985,1.2368440628051758,0.026685423217713833
347,0.25137609243392944,0.007685443852096796,1.2261385917663574,0.02657331619411707
348,0.2524004578590393,0.006797558628022671,1.2348120212554932,0.026925217360258102
349,0.25398147106170654,0.007743346970528364,1.23893404006958,0.025486196391284466
350,0.25322070717811584,0.006890830118209124,1.2385401725769043,0.02562040090560913
351,0.25399452447891235,0.007923450320959091,1.238278865814209,0.026858272030949593
352,0.253264844417572,0.006951571442186832,1.2385178804397583,0.027060228399932384
353,0.25333133339881897,0.00801073294132948,1.2346137762069702,0.026884861290454865
354,0.25496622920036316,0.006995542906224728,1.2468489408493042,0.027025552466511726
355,0.25446566939353943,0.008104544132947922,1.2399101257324219,0.024092531763017178
356,0.2524735927581787,0.006887335795909166,1.2348185777664185,0.02678570430725813
357,0.2518935203552246,0.007671136409044266,1.228783130645752,0.027094467543065548
358,0.2502584755420685,0.006574571132659912,1.2249940633773804,0.027204524725675583
359,0.24992090463638306,0.006770269013941288,1.2225234508514404,0.02684143278747797
360,0.24908038973808289,0.00665418291464448,1.2187851667404175,0.025673046708106995
361,0.24909734725952148,0.006693062372505665,1.2187144756317139,0.02432291116565466
362,0.25064751505851746,0.006832547020167112,1.2259074449539185,0.026344411075115204
363,0.2478017956018448,0.006556791719049215,1.2127817869186401,0.027141793631017208
364,0.25118663907051086,0.007522229570895433,1.2258442640304565,0.027045072056353092
365,0.2556551992893219,0.007208137307316065,1.249443531036377,0.025711114518344402
366,0.2589869797229767,0.009638668969273567,1.2563802003860474,0.026056494563817978
367,0.26837119460105896,0.00989470910280943,1.3022770881652832,0.02316631656140089
368,0.27407732605934143,0.012789162807166576,1.319230079650879,0.022914620116353035
369,0.2691402733325958,0.010189766995608807,1.3049423694610596,0.02190418541431427
370,0.25719642639160156,0.009265264496207237,1.2489210367202759,0.02400244027376175
371,0.25051575899124146,0.0067305127158761024,1.2256567478179932,0.023678279481828213
372,0.2488170564174652,0.0066709271632134914,1.2174015045166016,0.022269466891884804
373,0.2505420744419098,0.007775867357850075,1.2216068506240845,0.022130219265818596
374,0.2537122070789337,0.00723192747682333,1.239633321762085,0.02343623898923397
375,0.253861665725708,0.008001277223229408,1.2373031377792358,0.021854777820408344
376,0.25005120038986206,0.006684927269816399,1.2235162258148193,0.021189589984714985
377,0.2505863606929779,0.006946232635527849,1.2251468896865845,0.023261391557753086
378,0.249848872423172,0.0071798828430473804,1.220524787902832,0.023179243318736553
379,0.25014689564704895,0.006780649535357952,1.223611831665039,0.023480355739593506
380,0.24955254793167114,0.0074247256852686405,1.2180638313293457,0.023639020510017872
381,0.2488621324300766,0.006685923784971237,1.217566967010498,0.022814777679741383
382,0.24973763525485992,0.006877157371491194,1.221179485321045,0.021941913291811943
383,0.2495795339345932,0.007127674762159586,1.2193869352340698,0.022651408798992634
384,0.2512439787387848,0.006692035589367151,1.2294517755508423,0.023088423535227776
385,0.2530101239681244,0.007750715594738722,1.234047770500183,0.022310128435492516
386,0.2526034116744995,0.006927506998181343,1.2353070974349976,0.02094836626201868
387,0.25232377648353577,0.007637485396116972,1.2310689687728882,0.0242640795186162
388,0.25115978717803955,0.006668513175100088,1.2291247844696045,0.021338547579944134
389,0.24836347997188568,0.007011823821812868,1.2137701511383057,0.024068967439234257
390,0.25030896067619324,0.006676914170384407,1.224837064743042,0.024174808524549007
391,0.24919864535331726,0.006660293322056532,1.2193520069122314,0.02327368874102831
392,0.2518610954284668,0.007281136699020863,1.2301808595657349,0.021240098401904106
393,0.2519283890724182,0.006672973278909922,1.23294997215271,0.02291092835366726
394,0.250210702419281,0.007374811451882124,1.2215542793273926,0.024015008471906185
395,0.25154799222946167,0.006585739087313414,1.231397032737732,0.02332726400345564
396,0.2509671449661255,0.007581150624901056,1.2245111465454102,0.023301705718040466
397,0.2510698139667511,0.00674772635102272,1.2283581495285034,0.020615607500076294
398,0.25146961212158203,0.007969333790242672,1.2254706621170044,0.02304818481206894
399,0.2541370689868927,0.00727159483358264,1.2415989637374878,0.021509606391191483
400,0.2555760443210602,0.00871603935956955,1.2430161237716675,0.02271553874015808
401,0.25933074951171875,0.008037884719669819,1.2645022869110107,0.022256501019001007
402,0.26079726219177246,0.010107113048434258,1.2635577917099,0.020449887961149216
403,0.2640576958656311,0.00898745283484459,1.2843385934829712,0.023711451329290867
404,0.2626236379146576,0.010232662782073021,1.2721874713897705,0.022438745945692062
405,0.25846225023269653,0.007967038080096245,1.2604429721832275,0.022181694395840168
406,0.2563789188861847,0.008467166684567928,1.248025894165039,0.024725010618567467
407,0.25096502900123596,0.006738916505128145,1.2278695106506348,0.02418559603393078
408,0.24951457977294922,0.006855027750134468,1.220152735710144,0.02243542019277811
409,0.2490239292383194,0.007033233530819416,1.2169866561889648,0.02204187400639057
410,0.252788245677948,0.006873408332467079,1.2364475727081299,0.023151139728724957
411,0.25414910912513733,0.0082247294485569,1.2378466129302979,0.023473388515412807
412,0.255133718252182,0.00720021640881896,1.2468677759170532,0.023607118986546993
413,0.2523585557937622,0.00778442807495594,1.2306550741195679,0.020413520745933056
414,0.24998797476291656,0.006717910524457693,1.2230682373046875,0.023908255621790886
415,0.24854446947574615,0.006820539012551308,1.2154401540756226,0.022234568372368813
416,0.2501198947429657,0.007131045218557119,1.2220752239227295,0.02157797198742628
417,0.25074994564056396,0.0068324352614581585,1.2264200448989868,0.023700067773461342
418,0.2543618083000183,0.007927563041448593,1.2400988340377808,0.019969189539551735
419,0.2549194097518921,0.007030543405562639,1.2464748620986938,0.021536407992243767
420,0.2542608678340912,0.007874244824051857,1.239807367324829,0.020280404947698116
421,0.25172853469848633,0.006595120765268803,1.232262134552002,0.02192982379347086
422,0.24989020824432373,0.006910328287631273,1.2218097448349,0.019889790564775467
423,0.24894776940345764,0.006900678854435682,1.2171361446380615,0.021290565840899944
424,0.25046688318252563,0.006641989573836327,1.2257664203643799,0.020350501872599125
425,0.25355592370033264,0.00802981574088335,1.2356603145599365,0.023117834702134132
426,0.25467050075531006,0.007286742329597473,1.2442054748535156,0.02129387017339468
427,0.25822728872299194,0.009021605364978313,1.2550499439239502,0.023787581361830235
428,0.2583661675453186,0.007954023778438568,1.2600147724151611,0.024963490664958954
429,0.2600928843021393,0.009609031490981579,1.2620283365249634,0.022694962099194527
430,0.25978949666023254,0.008061586879193783,1.2667009830474854,0.021323157474398613
431,0.25627121329307556,0.008957913145422935,1.2455244064331055,0.022960642352700233
432,0.2540223002433777,0.0070783705450594425,1.2417980432510376,0.022281699813902378
433,0.24842087924480438,0.007202796638011932,1.213293194770813,0.022005954757332802
434,0.24853962659835815,0.006762914825230837,1.215646505355835,0.023933636024594307
435,0.2509804964065552,0.0066520413383841515,1.2282942533493042,0.02362146880477667
436,0.2544178068637848,0.00846366211771965,1.2382344007492065,0.02373948972672224
437,0.2579471468925476,0.007859724573791027,1.2582967281341553,0.02187680546194315
438,0.2595357298851013,0.009782965295016766,1.2585468292236328,0.02199662197381258
439,0.262323260307312,0.008313595317304134,1.2783619165420532,0.02469699550420046
440,0.25678715109825134,0.00912841409444809,1.2474220991134644,0.022660886868834496
441,0.25502172112464905,0.007167993113398552,1.246436595916748,0.0206680865958333
442,0.2499334216117859,0.0074513135477900505,1.2198618650436401,0.024685077369213104
443,0.24967114627361298,0.006757555063813925,1.2213255167007446,0.02351223398000002
444,0.24990534782409668,0.0065795197151601315,1.2232086658477783,0.02142941579222679
445,0.2500958740711212,0.007192382588982582,1.2217097282409668,0.022341006435453892
446,0.24991366267204285,0.0065277754329144955,1.2234572172164917,0.023654790595173836
447,0.25056543946266174,0.0072680446319282055,1.2237550020217896,0.023726990446448326
448,0.24917367100715637,0.0065958998166024685,1.2194846868515015,0.02407409343868494
449,0.24992308020591736,0.006898065563291311,1.2220231294631958,0.02031459379941225
450,0.24944035708904266,0.006640846841037273,1.220638394355774,0.022249195724725723
451,0.24883244931697845,0.0066020009107887745,1.2177542448043823,0.020766290836036205
452,0.2484997808933258,0.007114102598279715,1.2140425443649292,0.02260834164917469
453,0.24985258281230927,0.006577633321285248,1.2229523658752441,0.02209241595119238
454,0.2521614134311676,0.007662517949938774,1.2301570177078247,0.022105940617620945
455,0.25237247347831726,0.006891048047691584,1.2342981100082397,0.022080582566559315
456,0.25614067912101746,0.008596455678343773,1.2463175058364868,0.021499273367226124
457,0.25797197222709656,0.007649003528058529,1.2592638731002808,0.02446209453046322
458,0.25990843772888184,0.009399003349244595,1.2619460821151733,0.02263233345001936
459,0.25965696573257446,0.008304663933813572,1.2650660276412964,0.021041400730609894
460,0.26302090287208557,0.010137292556464672,1.2745553255081177,0.024404735304415226
461,0.2596217095851898,0.008211156353354454,1.2652637958526611,0.022942748852074146
462,0.2577613592147827,0.009063571691513062,1.2525525093078613,0.021588916890323162
463,0.25455451011657715,0.007228606380522251,1.2438580989837646,0.021838747896254063
464,0.2525879740715027,0.007968307472765446,1.2310665845870972,0.020876871421933174
465,0.2503224015235901,0.006648849230259657,1.2250165939331055,0.021545284427702427
466,0.2490246742963791,0.006904301233589649,1.2175061702728271,0.022104975767433643
467,0.25012046098709106,0.006762798875570297,1.2235511541366577,0.02219139039516449
468,0.2489330917596817,0.0066204010508954525,1.2181838750839233,0.023488634265959263
469,0.25018396973609924,0.007189425639808178,1.222162127494812,0.02403878513723612
470,0.251363605260849,0.006729581393301487,1.2298996448516846,0.023805251345038414
471,0.25229811668395996,0.007661969400942326,1.2308427095413208,0.022348216734826565
472,0.25245437026023865,0.006774183362722397,1.2351751327514648,0.021100670099258423
473,0.25212371349334717,0.007814725860953331,1.229359745979309,0.02244467195123434
474,0.2517947256565094,0.006897215265780687,1.2313847541809082,0.02080701943486929
475,0.2540281116962433,0.008016671054065228,1.2380738258361816,0.023868313990533352
476,0.25166061520576477,0.006923876702785492,1.2306076288223267,0.022999403066933155
477,0.2516324818134308,0.007749502547085285,1.227164387702942,0.020167795941233635
478,0.2520497143268585,0.006671122740954161,1.233564019203186,0.023908552713692188
479,0.25029486417770386,0.007279030978679657,1.222358226776123,0.02106091845780611
480,0.2471724897623062,0.0064852116629481316,1.2099215984344482,0.02192220836877823
481,0.24901339411735535,0.006612698081880808,1.2186161279678345,0.0230454970151186
482,0.24904772639274597,0.007000407204031944,1.2172369956970215,0.022666724398732185
483,0.2525160312652588,0.006709608249366283,1.2357417345046997,0.023311739787459373
484,0.2539921700954437,0.008380202576518059,1.2364400625228882,0.024306614883244038
485,0.26117414236068726,0.008491098880767822,1.2719063758850098,0.022771422751247883
486,0.26942500472068787,0.011886507272720337,1.2995790243148804,0.023196826688945293
487,0.2741154730319977,0.011296390555799007,1.3253917694091797,0.021695773117244244
488,0.2686881422996521,0.011700150556862354,1.2966400384902954,0.02407131250947714
489,0.2573380768299103,0.007917970418930054,1.2550184726715088,0.023497605696320534
490,0.2519882023334503,0.007578693795949221,1.229626178741455,0.02236438635736704
491,0.24832023680210114,0.0068395077250897884,1.2142431735992432,0.021357239224016666
492,0.25151515007019043,0.0067419204860925674,1.2306079864501953,0.023713122121989727
493,0.25397059321403503,0.008102274499833584,1.2374438047409058,0.021839788183569908
494,0.2552637457847595,0.007338381838053465,1.2469651699066162,0.022126663476228714
495,0.25490954518318176,0.008473539724946022,1.24065363407135,0.023767802864313126
496,0.2516273260116577,0.006872497498989105,1.2306466102600098,0.021825003437697887
497,0.2512618601322174,0.007428445387631655,1.2265955209732056,0.022726623341441154
498,0.2499782294034958,0.00676952488720417,1.2228130102157593,0.024080476723611355
499,0.2501985430717468,0.00679108127951622,1.2238283157348633,0.02263750694692135
500,0.25055238604545593,0.007439166773110628,1.2230052947998047,0.02355742733925581
501,0.2542036175727844,0.007116392254829407,1.2425525188446045,0.02179691754281521
502,0.25516530871391296,0.008522861637175083,1.2417351007461548,0.02247430384159088
503,0.25368425250053406,0.007189741358160973,1.2396622896194458,0.022455462254583836
504,0.25450313091278076,0.00833064503967762,1.239193081855774,0.020393680781126022
505,0.2519983649253845,0.006891455035656691,1.2324259281158447,0.022461166605353355
506,0.2510026693344116,0.0075927176512777805,1.2246425151824951,0.020231581293046474
507,0.25034621357917786,0.00654971320182085,1.2255321741104126,0.021937595680356026
508,0.24914798140525818,0.00670355511829257,1.2189257144927979,0.02019723877310753
509,0.2492244839668274,0.006938586477190256,1.2183680534362793,0.02184857800602913
510,0.2508357763290405,0.0067481002770364285,1.2271864414215088,0.020268624648451805
511,0.2533924877643585,0.007719976827502251,1.2360824346542358,0.022712010890245438
512,0.25411608815193176,0.007058747112751007,1.2423454523086548,0.02028645295649767
513,0.25676122307777405,0.008902372792363167,1.2481966018676758,0.022508501075208187
514,0.26137056946754456,0.008258500136435032,1.273818850517273,0.020532830618321896
515,0.26145637035369873,0.010252183303236961,1.266273021697998,0.02179036382585764
516,0.2618635594844818,0.008776703849434853,1.2742109298706055,0.020269746892154217
517,0.2605859041213989,0.00993390753865242,1.263193964958191,0.02335204929113388
518,0.2566840350627899,0.00787480641156435,1.2519208192825317,0.02033511269837618
519,0.25692176818847656,0.008833663538098335,1.2492742538452148,0.023202604614198208
520,0.2545337677001953,0.007181817665696144,1.2439415454864502,0.02196920197457075
521,0.25164562463760376,0.007710844278335571,1.2273846864700317,0.02255090791732073
522,0.24966469407081604,0.006657816004008055,1.2216922044754028,0.023819254711270332
523,0.24962039291858673,0.006871409248560667,1.220616340637207,0.02301535103470087
524,0.24943439662456512,0.006806414574384689,1.219946265220642,0.02053970843553543
525,0.2497333586215973,0.006611822172999382,1.222219467163086,0.023186449892818928
526,0.2479139119386673,0.0070379204116761684,1.2114179134368896,0.02417024504393339
527,0.2508369982242584,0.006712776143103838,1.227333903312683,0.023100371472537518
528,0.24951878190040588,0.007174462545663118,1.2188960313796997,0.021650309674441814
529,0.2507692873477936,0.006495996844023466,1.2278624773025513,0.02463449165225029
530,0.2505353093147278,0.007195542566478252,1.2238943576812744,0.022485101595520973
531,0.24956965446472168,0.0065421126782894135,1.2216798067092896,0.023793206550180912
532,0.24975796043872833,0.006679005455225706,1.2220737934112549,0.02229616604745388
533,0.24944616854190826,0.006782579701393843,1.2201005220413208,0.022704430855810642
534,0.24931515753269196,0.006570198107510805,1.2202949523925781,0.024254396557807922
535,0.2496291697025299,0.007151956204324961,1.2195379734039307,0.02410113252699375
536,0.250590980052948,0.006657881196588278,1.2263233661651611,0.021838570944964886
537,0.2539743483066559,0.008147848770022392,1.237280249595642,0.02332302089780569
538,0.2587621808052063,0.00786108709871769,1.262366533279419,0.023867436684668064
539,0.2667138874530792,0.011090787127614021,1.2892062664031982,0.022816495038568974
540,0.2705558240413666,0.01073506847023964,1.309838891029358,0.022677142173051834
541,0.2684694230556488,0.011901559308171272,1.2947407960891724,0.021056595258414745
542,0.2627732753753662,0.008972322568297386,1.2779769897460938,0.02363342046737671
543,0.25698235630989075,0.00906813982874155,1.2486391067504883,0.02251469623297453
544,0.25245141983032227,0.006890804972499609,1.2346938848495483,0.020944170653820038
545,0.24918285012245178,0.007225156296044588,1.2170135974884033,0.024132389575242996
546,0.2487400323152542,0.006568882614374161,1.2174246311187744,0.022555670700967312
547,0.25012683868408203,0.006595145910978317,1.224253535270691,0.021228241734206676
548,0.2511827051639557,0.00730692595243454,1.226685881614685,0.024499536491930485
549,0.25137344002723694,0.006738415919244289,1.229913592338562,0.024098685011267662
550,0.2513243556022644,0.007598487660288811,1.2262277603149414,0.02166571281850338
551,0.25191932916641235,0.006820038426667452,1.2323163747787476,0.021990029141306877
552,0.2519475519657135,0.00742532080039382,1.2300364971160889,0.023899735882878304
553,0.24888060986995697,0.006707343738526106,1.217573642730713,0.023638052865862846
554,0.24917185306549072,0.007013343740254641,1.2178058624267578,0.023066837340593338
555,0.24912984669208527,0.0066195037215948105,1.219171166419983,0.020965328440070152
556,0.24817512929439545,0.006706006359308958,1.214051604270935,0.023791158571839333
557,0.24951496720314026,0.006778886076062918,1.220459222793579,0.022932090796530247
558,0.24933096766471863,0.0065079000778496265,1.220623254776001,0.020798981189727783
559,0.2472366839647293,0.006786741316318512,1.2090364694595337,0.02376541029661894
560,0.24783529341220856,0.006488142069429159,1.213223934173584,0.02300182916224003
561,0.2497277557849884,0.0066933040507137775,1.2218655347824097,0.0207467470318079
562,0.24914559721946716,0.0064251297153532505,1.2200274467468262,0.02294892445206642
563,0.24984842538833618,0.006946657318621874,1.221455454826355,0.021879203617572784
564,0.25076091289520264,0.006564334034919739,1.227547287940979,0.021527061238884926
565,0.2501737177371979,0.007124383933842182,1.2223711013793945,0.023508960381150246
566,0.25455060601234436,0.006744357291609049,1.245775580406189,0.021608888171613216
567,0.2578408420085907,0.008928755298256874,1.2534892559051514,0.022310812957584858
568,0.26519647240638733,0.009473771788179874,1.2880871295928955,0.024176042526960373
569,0.2783651053905487,0.013763485476374626,1.3367714881896973,0.022763164713978767
570,0.28032419085502625,0.012284441851079464,1.3524831533432007,0.02359915617853403
571,0.2659378945827484,0.010888723656535149,1.2861344814300537,0.021866864524781704
572,0.25278881192207336,0.007090170867741108,1.2355834245681763,0.023069792427122593
573,0.25016698241233826,0.00684282835572958,1.223463535308838,0.024391070008277893
574,0.25127124786376953,0.007542967796325684,1.226184368133545,0.020290368236601353
575,0.25630515813827515,0.007590672932565212,1.2511630058288574,0.0214381767436862
576,0.26442474126815796,0.010437624529004097,1.280373215675354,0.020153897814452648
577,0.26932117342948914,0.010095817036926746,1.3062224388122559,0.022024936974048615
578,0.2653650641441345,0.011064771562814713,1.2825661897659302,0.020010720007121563
579,0.25900816917419434,0.007918386720120907,1.2633671760559082,0.022384625859558582
580,0.25287434458732605,0.007917223498225212,1.2327028512954712,0.020299571566283703
581,0.24853451550006866,0.006796023342758417,1.2154884338378906,0.021402639336884022
582,0.24903935194015503,0.006783617194741964,1.2180622816085815,0.020429453812539577
583,0.25105318427085876,0.007698060944676399,1.2244735956192017,0.022644071839749813
584,0.25328999757766724,0.007196587976068258,1.2376636266708374,0.020480727776885033
585,0.25490671396255493,0.008738952688872814,1.2395777702331543,0.02230185642838478
586,0.2532936930656433,0.007268890738487244,1.2373929023742676,0.020347771234810352
587,0.25340917706489563,0.007961282506585121,1.2352007627487183,0.023226956836879253
588,0.24843554198741913,0.006626652553677559,1.2156710624694824,0.020639019086956978
589,0.2482069432735443,0.006713482551276684,1.214180827140808,0.02260160632431507
590,0.2487441599369049,0.0070694973692297935,1.2154427766799927,0.022173338569700718
591,0.2511623799800873,0.006856758147478104,1.2283848524093628,0.021336250007152557
592,0.25303685665130615,0.007922263815999031,1.2334952354431152,0.02408387791365385
593,0.25259703397750854,0.006911157164722681,1.2353405952453613,0.023080620914697647
594,0.2517862915992737,0.007740358356386423,1.227970004081726,0.020960424095392227
595,0.2501225769519806,0.006678376812487841,1.2238993644714355,0.02398360427469015
596,0.24844864010810852,0.00715995766222477,1.2136033773422241,0.024277682416141033
597,0.24887752532958984,0.006521300878375769,1.2183023691177368,0.02188952825963497
598,0.24945393204689026,0.00682765943929553,1.219959020614624,0.02147240750491619
599,0.24906624853610992,0.006531004328280687,1.2192071676254272,0.022693881765007973
600,0.24791821837425232,0.006609493866562843,1.2131531238555908,0.023553011938929558
601,0.24876433610916138,0.006685828790068626,1.2170783281326294,0.02137246262282133
602,0.24914254248142242,0.006527380086481571,1.219603180885315,0.021021129563450813
603,0.24872051179409027,0.007035468239337206,1.2154606580734253,0.021553573198616505
604,0.25143420696258545,0.006666668690741062,1.2305042743682861,0.02139548398554325
605,0.25213518738746643,0.008000457659363747,1.228674054145813,0.024372818879783154
606,0.2585453391075134,0.007907128892838955,1.2610982656478882,0.022197173908352852
607,0.2682364284992218,0.01166232768446207,1.2945328950881958,0.021903090178966522
608,0.274915486574173,0.01134346704930067,1.329203486442566,0.023306699469685555
609,0.2683432996273041,0.011609229259192944,1.2952795028686523,0.02143977303057909
610,0.25851744413375854,0.00803808681666851,1.2604347467422485,0.02256028540432453
611,0.25310540199279785,0.00787604320794344,1.234022855758667,0.02429365273565054
612,0.24825415015220642,0.006562831811606884,1.2150194644927979,0.022086068987846375
613,0.250040739774704,0.006511238869279623,1.224158763885498,0.021583388559520245
614,0.25232231616973877,0.008016016334295273,1.2295475006103516,0.023706497624516487
615,0.2567659616470337,0.007729313336312771,1.2529125213623047,0.023668227717280388
616,0.2636803686618805,0.010340598411858082,1.2770394086837769,0.02373837772756815
617,0.26356175541877747,0.009027315303683281,1.281699538230896,0.021592085249722004
618,0.26200518012046814,0.010069495998322964,1.2697478532791138,0.02149304375052452
619,0.2548953592777252,0.007331161294132471,1.2451521158218384,0.022281036712229252
620,0.2506570518016815,0.007463056594133377,1.223433017730713,0.02019456122070551
621,0.24911227822303772,0.006630575284361839,1.2190390825271606,0.02272852510213852
622,0.2504580616950989,0.006849495694041252,1.224892258644104,0.020935778506100178
623,0.24960952997207642,0.006909158080816269,1.220410943031311,0.02255414519459009
624,0.24818728864192963,0.006627930328249931,1.214424729347229,0.022125343792140484
625,0.25082913041114807,0.0068395244888961315,1.2267874479293823,0.022638194262981415
626,0.24806542694568634,0.006647814996540546,1.213735818862915,0.024268276058137417
627,0.2493525743484497,0.006770883686840534,1.219679355621338,0.022568969056010246
628,0.24841375648975372,0.006652296055108309,1.2154595851898193,0.021582776680588722
629,0.24828816950321198,0.006925496272742748,1.2137387990951538,0.024180510081350803
630,0.24888232350349426,0.006637956015765667,1.2178597450256348,0.02207824494689703
631,0.2515451908111572,0.007622396107763052,1.227236270904541,0.021646589040756226
632,0.2535684406757355,0.006999233737587929,1.2398452758789062,0.023232470266520977
633,0.25685229897499084,0.008935490623116493,1.2485195398330688,0.021894456818699837
634,0.25970277190208435,0.008216343820095062,1.265648365020752,0.022444646805524826
635,0.26597708463668823,0.010944261215627193,1.286108374595642,0.023122628219425678
636,0.2657575011253357,0.009674938395619392,1.2900876998901367,0.023544467985630035
637,0.2649424076080322,0.01093180850148201,1.2809847593307495,0.023472492583096027
638,0.25956472754478455,0.00799727626144886,1.2658345699310303,0.021064280532300472
639,0.2529729902744293,0.008096260949969292,1.2324799299240112,0.02381932083517313
640,0.24960345029830933,0.006590651348233223,1.2216546535491943,0.023005695082247257
641,0.24880199134349823,0.006637594662606716,1.2174595594406128,0.02073735184967518
642,0.2526746988296509,0.0075485920533537865,1.2331792116165161,0.02379687689244747
643,0.25290513038635254,0.0069219511933624744,1.2368378639221191,0.024344881996512413
644,0.2556491196155548,0.008596382103860378,1.2438600063323975,0.02175302244722843
645,0.2540677487850189,0.0073929959908127785,1.2407667636871338,0.02145981229841709
646,0.25520163774490356,0.008629998192191124,1.2414882183074951,0.023393712006509304
647,0.25302332639694214,0.007102519739419222,1.2367066144943237,0.022671875543892384
648,0.25265559554100037,0.00798931997269392,1.2313206195831299,0.02219179831445217
649,0.2508614659309387,0.006686626933515072,1.2275608777999878,0.023137335665524006
650,0.2492065280675888,0.007096969522535801,1.2176446914672852,0.023365871980786324
651,0.24861955642700195,0.0066597419790923595,1.216458797454834,0.02125665545463562
652,0.24857205152511597,0.00653493870049715,1.216720461845398,0.022785536013543606
653,0.24875597655773163,0.007101444993168116,1.2153741121292114,0.02369454875588417
654,0.24907977879047394,0.006692159920930862,1.2186301946640015,0.021923123858869076
655,0.2537664771080017,0.008224849589169025,1.2359329462051392,0.022574513219296932
656,0.2575787305831909,0.007799713872373104,1.2566947937011719,0.0242290822789073
657,0.2603854238986969,0.009984570555388927,1.261988878250122,0.021744700148701668
658,0.2623068690299988,0.008852272294461727,1.2761253118515015,0.021984602324664593
659,0.26011401414871216,0.009843525476753712,1.2611960172653198,0.023840985260903835
660,0.257819801568985,0.007539229467511177,1.2589420080184937,0.021482056006789207
661,0.2537657916545868,0.008068964816629887,1.2365530729293823,0.021623054519295692
662,0.2506084740161896,0.006584562361240387,1.2267041206359863,0.02364993840456009
663,0.24845971167087555,0.006626439280807972,1.2157927751541138,0.02260816376656294
664,0.24962171912193298,0.007047166116535664,1.2199199199676514,0.022259780205786228
665,0.2517063319683075,0.006719042081385851,1.231655478477478,0.024346434511244297
666,0.25244301557540894,0.008115474134683609,1.2297531366348267,0.023495586588978767
667,0.2524341642856598,0.006944424472749233,1.2343931198120117,0.023540529422461987
668,0.25348564982414246,0.00801494438201189,1.2353684902191162,0.02099801879376173
669,0.25193411111831665,0.006747482810169458,1.2326805591583252,0.023436888121068478
670,0.2522708475589752,0.007396668661385775,1.2317675352096558,0.023357704281806946
671,0.25043952465057373,0.006507139652967453,1.2261691093444824,0.020329415798187256
672,0.24888332188129425,0.007140331901609898,1.2158552408218384,0.02166001871228218
673,0.2507195472717285,0.006593858357518911,1.2272223234176636,0.020289630629122257
674,0.24887418746948242,0.006786736659705639,1.2172240018844604,0.02101182099431753
675,0.24916473031044006,0.006542747374624014,1.2196526527404785,0.020038277842104435
676,0.2480645626783371,0.006484390236437321,1.2143852710723877,0.020543760620057583
677,0.2495708018541336,0.00699270935729146,1.2198832035064697,0.020509579218924046
678,0.25062429904937744,0.006548896431922913,1.2269258499145508,0.021906444802880287
679,0.2527029514312744,0.007792715914547443,1.2323439121246338,0.020152981393039227
680,0.25445184111595154,0.007250806782394648,1.2432559728622437,0.022233781404793262
681,0.2591761648654938,0.009535478428006172,1.2577388286590576,0.020708437077701092
682,0.2658567726612091,0.009270209819078445,1.2922030687332153,0.02177964709699154
683,0.26957324147224426,0.011818028055131435,1.3005939722061157,0.020360108464956284
684,0.26640114188194275,0.009710345417261124,1.2931642532348633,0.023241885006427765
685,0.26189038157463074,0.010017460212111473,1.2693819999694824,0.021129455417394638
686,0.2551029622554779,0.007404211442917585,1.245897889137268,0.02345830202102661
687,0.25245875120162964,0.007739644963294268,1.231335163116455,0.02518614660948515
688,0.249548077583313,0.006618603132665157,1.2212659120559692,0.021724561229348183
689,0.24933315813541412,0.006722623948007822,1.2197753190994263,0.021420566365122795
690,0.2507478892803192,0.00735384039580822,1.224324107170105,0.023797119967639446
691,0.25435176491737366,0.007169157266616821,1.2430821657180786,0.021741190925240517
692,0.2554995119571686,0.008759403601288795,1.2424598932266235,0.022569050081074238
693,0.25679051876068115,0.007557708770036697,1.2537217140197754,0.024123791605234146
694,0.258883535861969,0.009116226807236671,1.2579526901245117,0.023257366381585598
695,0.2551772892475128,0.007113420870155096,1.2474327087402344,0.023149754852056503
696,0.25076356530189514,0.00784161314368248,1.2224513292312622,0.02419732790440321
697,0.24961157143115997,0.006618543062359095,1.2215837240219116,0.021364128217101097
698,0.25085926055908203,0.00697778444737196,1.2263851165771484,0.02459956705570221
699,0.2486138939857483,0.006662104744464159,1.2164210081100464,0.021981659345328808
700,0.2485629916191101,0.006580142769962549,1.2164943218231201,0.0242990767583251
701,0.2491268515586853,0.006918559316545725,1.217960000038147,0.025548596866428852
702,0.25004076957702637,0.0066032554022967815,1.2237907648086548,0.02616397850215435
703,0.25110915303230286,0.00708550401031971,1.2272037267684937,0.02624887228012085
704,0.2487722486257553,0.006375100929290056,1.2183607816696167,0.026577137410640717
705,0.24931453168392181,0.007005996536463499,1.2185486555099487,0.02719726972281933
706,0.24935583770275116,0.006276721600443125,1.2216722965240479,0.0273216450586915
707,0.2493094801902771,0.006759259849786758,1.2195103168487549,0.026675593107938766
708,0.2490600347518921,0.006448871456086636,1.219504714012146,0.024778674356639385
709,0.24984224140644073,0.0064935279078781605,1.2232370376586914,0.026792953722178936
710,0.24914464354515076,0.006864657625555992,1.2182645797729492,0.027044540271162987
711,0.2498081773519516,0.006480812095105648,1.2231175899505615,0.026969874277710915
712,0.25142979621887207,0.007690974045544863,1.2263849973678589,0.0263447854667902
713,0.2536557912826538,0.007191212382167578,1.2395141124725342,0.025455977767705917
714,0.26044926047325134,0.009903393685817719,1.2626327276229858,0.026010372675955296
715,0.2688380181789398,0.009953098371624947,1.304377794265747,0.02702898532152176
716,0.27323704957962036,0.0127337034791708,1.3152503967285156,0.02688303031027317
717,0.26630425453186035,0.009777477942407131,1.2924113273620605,0.02660232223570347
718,0.26031455397605896,0.00993702095001936,1.261824607849121,0.025496261194348335
719,0.2559938430786133,0.007393126375973225,1.2503966093063354,0.02560260519385338
720,0.25286921858787537,0.0079087158665061,1.2327113151550293,0.026990939863026142
721,0.24949686229228973,0.006467710714787245,1.2216134071350098,0.0273586455732584
722,0.24903051555156708,0.0068415692076087,1.2177863121032715,0.027288573794066906
723,0.24823784828186035,0.006589706987142563,1.2148303985595703,0.02655927836894989
724,0.24976477026939392,0.006546067539602518,1.222639560699463,0.024256150238215923
725,0.2508808970451355,0.007293859031051397,1.225229024887085,0.026160692796111107
726,0.2512287497520447,0.006609432864934206,1.229706048965454,0.026198377832770348
727,0.2536080777645111,0.007860264740884304,1.236599326133728,0.024061999283730984
728,0.2541319727897644,0.007087559439241886,1.2423095703125,0.022642736323177814
729,0.2561931908130646,0.00869427714496851,1.246188759803772,0.023057215847074986
730,0.2580840587615967,0.007842420600354671,1.2590506076812744,0.024385804310441017
731,0.2599480152130127,0.009885765612125397,1.2601969242095947,0.022320342250168324
732,0.2613103687763214,0.008570047095417976,1.272271752357483,0.023790313862264156
733,0.2631658613681793,0.010495021007955074,1.2738491296768188,0.026035966351628304
734,0.2603265643119812,0.00842468161135912,1.2679340839385986,0.025910434313118458
735,0.2569427490234375,0.00913065206259489,1.2481911182403564,0.026966189965605736
736,0.2509119510650635,0.006792716681957245,1.227388858795166,0.026912597008049488
737,0.24976709485054016,0.007275617681443691,1.2197329998016357,0.0269020339474082
738,0.2492642104625702,0.006593787111341953,1.2199459075927734,0.02531969640403986
739,0.24990339577198029,0.006514999084174633,1.2234569787979126,0.025523096323013306
740,0.24796846508979797,0.006966046057641506,1.2119780778884888,0.026884342543780804
741,0.24914558231830597,0.006511314306408167,1.2196825742721558,0.027205221354961395
742,0.24900786578655243,0.007018849719315767,1.2169638872146606,0.02695558685809374
743,0.24840156733989716,0.006484161131083965,1.2160711288452148,0.026606563478708267
744,0.2504461407661438,0.00708179222419858,1.2239035367965698,0.025539038702845573
745,0.25020909309387207,0.0063769519329071045,1.2255375385284424,0.025900332257151604
746,0.24992966651916504,0.006689822301268578,1.2228890657424927,0.026926372200250626
747,0.24828925728797913,0.0065146260894834995,1.2153878211975098,0.027242710813879967
748,0.2492748647928238,0.006542034912854433,1.2202061414718628,0.02711060643196106
749,0.2496342808008194,0.006617886014282703,1.221699833869934,0.02566133253276348
750,0.24708688259124756,0.006463519297540188,1.2095803022384644,0.024567938409745693
751,0.2500022053718567,0.007062209770083427,1.2217621803283691,0.027024992741644382
752,0.2502804398536682,0.006472524255514145,1.2255120277404785,0.026914178393781185
753,0.25296351313591003,0.007866501808166504,1.2333515882492065,0.026985392905771732
754,0.2545435428619385,0.007019916549324989,1.2446380853652954,0.02581960428506136
755,0.25800037384033203,0.00894371047616005,1.2542270421981812,0.025655217468738556
756,0.2589094340801239,0.008413011208176613,1.2608951330184937,0.02569844387471676
757,0.26695939898490906,0.011191217228770256,1.2900320291519165,0.02709418348968029
758,0.2666350305080414,0.009973643347620964,1.2932806015014648,0.02729841973632574
759,0.2654421329498291,0.011108850128948689,1.2827751636505127,0.02685165498405695
760,0.26265957951545715,0.008528422564268112,1.2791842222213745,0.024241872131824493
761,0.2567174434661865,0.00903115700930357,1.247462511062622,0.025843195617198944
762,0.25330832600593567,0.007109664846211672,1.238102912902832,0.027149063535034657
763,0.25129005312919617,0.007479616440832615,1.226531744003296,0.026964159682393074
764,0.250252902507782,0.006609974429011345,1.2248245477676392,0.027424716390669346
765,0.24765188992023468,0.006709188688546419,1.2114226818084717,0.025471544824540615
766,0.2485935539007187,0.00673500495031476,1.2160277366638184,0.02336595207452774
767,0.2493860423564911,0.006529117468744516,1.2208137512207031,0.025490982457995415
768,0.2492539882659912,0.00701737217605114,1.218200445175171,0.025105628184974194
769,0.2500091791152954,0.006570028606802225,1.2237657308578491,0.02560283523052931
770,0.2492528259754181,0.0071916417218744755,1.2174975872039795,0.025043919682502747
771,0.25010958313941956,0.006486222613602877,1.2246029376983643,0.02327759936451912
772,0.25000858306884766,0.007223694585263729,1.221148133277893,0.023596199229359627
773,0.248611181974411,0.006547584198415279,1.2168655395507812,0.024642673321068287
774,0.24981674551963806,0.007487249560654163,1.2191346883773804,0.025400107726454735
775,0.25262686610221863,0.006757012568414211,1.236106276512146,0.023347103036940098
776,0.25378698110580444,0.008405948057770729,1.2353111505508423,0.02482364233583212
777,0.2596084475517273,0.007954198867082596,1.2662254571914673,0.02480939030647278
778,0.26686736941337585,0.011277357116341591,1.2892273664474487,0.02683102712035179
779,0.2710440456867218,0.01030704751610756,1.313991904258728,0.02715088613331318
780,0.2672850787639618,0.011273030191659927,1.2913331985473633,0.025829444639384747
781,0.2602326273918152,0.008099032565951347,1.26876699924469,0.025593292899429798
782,0.25438830256462097,0.008573341183364391,1.2376481294631958,0.02670648880302906
783,0.25071701407432556,0.006805566139519215,1.226362705230713,0.02706287056207657
784,0.2491428703069687,0.00707272021099925,1.217423439025879,0.02726748865097761
785,0.24865606427192688,0.006570421624928713,1.21699857711792,0.025662020780146122
786,0.2495417296886444,0.006491511594504118,1.2217426300048828,0.025329221040010452
787,0.25198104977607727,0.007629784289747477,1.2293860912322998,0.026832311414182186
788,0.25561052560806274,0.007364484015852213,1.2485947608947754,0.026992404833436012
789,0.2609701156616211,0.009993346408009529,1.2648770809173584,0.02720697969198227
790,0.2617414891719818,0.00886707566678524,1.2732391357421875,0.02653430961072445
791,0.2594480514526367,0.009888386353850365,1.257686734199524,0.024889351800084114
792,0.2574099004268646,0.007530468516051769,1.256927728652954,0.02539409790188074
793,0.25218716263771057,0.007987036369740963,1.228987693786621,0.0269275875762105
794,0.2506357431411743,0.006514357402920723,1.2271212339401245,0.026995684020221233
795,0.24854563176631927,0.006769727915525436,1.2156492471694946,0.027264063246548176
796,0.24920684099197388,0.006715687923133373,1.219171404838562,0.025841363705694675
797,0.24820053577423096,0.0064720348455011845,1.2151144742965698,0.024878334254026413
798,0.2514317035675049,0.007431020028889179,1.2274343967437744,0.02639581263065338
799,0.2533804774284363,0.007024616934359074,1.2388038635253906,0.02722857426851988
800,0.2596375644207001,0.009355209767818451,1.2607669830322266,0.026927832514047623
801,0.262351930141449,0.008742693811655045,1.2767888307571411,0.02550155110657215
802,0.2645644247531891,0.011043448001146317,1.2786483764648438,0.02538217045366764
803,0.26387110352516174,0.008935515768826008,1.2836134433746338,0.026772702112793922
804,0.259945809841156,0.009532663971185684,1.2615984678268433,0.026993677020072937
805,0.2528766691684723,0.006883243564516306,1.236850380897522,0.02814410161226988
806,0.2494249790906906,0.007040064781904221,1.2189645767211914,0.0266861068084836
807,0.24905520677566528,0.006666206289082766,1.218611240386963,0.02379032038152218
808,0.2513006925582886,0.006573146674782038,1.2302109003067017,0.024708892218768597
809,0.25183865427970886,0.007752161007374525,1.228184700012207,0.02593732252717018
810,0.2541199028491974,0.007028835825622082,1.242484211921692,0.023719515651464462
811,0.2554425597190857,0.008591561578214169,1.2428466081619263,0.02164945937693119
812,0.2566281259059906,0.007502720225602388,1.2531296014785767,0.024778896011412144
813,0.25690215826034546,0.008855198509991169,1.2490899562835693,0.0221743518486619
814,0.25240540504455566,0.007104132790118456,1.2336105108261108,0.023868557065725327
815,0.2525869607925415,0.00761665403842926,1.2324682474136353,0.02589407842606306
816,0.2492794543504715,0.006419062614440918,1.2207210063934326,0.025702791288495064
817,0.24779720604419708,0.006603157613426447,1.2125734090805054,0.02436342090368271
818,0.24755781888961792,0.006634963676333427,1.2112492322921753,0.02309022005647421
819,0.24986150860786438,0.006460787262767553,1.2234643697738647,0.023981993086636066
820,0.24979786574840546,0.007477608509361744,1.2190788984298706,0.02471756748855114
821,0.254675030708313,0.007114490959793329,1.2449171543121338,0.02246642392128706
822,0.26070383191108704,0.009829842485487461,1.2641997337341309,0.019275734201073647
823,0.2615813612937927,0.008845709264278412,1.2725239992141724,0.01924089342355728
824,0.26292046904563904,0.010511767119169235,1.2725552320480347,0.01935037411749363
825,0.2586163282394409,0.007878518663346767,1.2615675926208496,0.019859902560710907
826,0.25541171431541443,0.008566665463149548,1.2427918910980225,0.019111528992652893
827,0.2516600787639618,0.006627868395298719,1.231788992881775,0.019015307538211346
828,0.24851106107234955,0.006815411150455475,1.2152936458587646,0.019004439003765583
829,0.2486344873905182,0.006663253530859947,1.2165193557739258,0.0190494442358613
830,0.24962079524993896,0.006368276197463274,1.2226308584213257,0.019017075188457966
831,0.2517426013946533,0.007346955128014088,1.2293251752853394,0.01893571298569441
832,0.2502819001674652,0.0065542724914848804,1.2251924276351929,0.019701704382896423
833,0.2500324249267578,0.0076074423268437386,1.2197322845458984,0.019204367883503437
834,0.2507658898830414,0.006596950348466635,1.2274415493011475,0.018991786055266857
835,0.2507437765598297,0.007398116867989302,1.2241263389587402,0.019005773589015007
836,0.24879063665866852,0.0064100660383701324,1.2183128595352173,0.019600428640842438
837,0.25020933151245117,0.007074909750372171,1.2227469682693481,0.01911201234906912
838,0.24899427592754364,0.006321882363408804,1.2196838855743408,0.019132348708808422
839,0.24822765588760376,0.006540400441735983,1.2149766683578491,0.01899249665439129
840,0.24867317080497742,0.006628945004194975,1.2168500423431396,0.0189704904332757
841,0.2484222650527954,0.006345510482788086,1.2167292833328247,0.018976003862917423
842,0.25131794810295105,0.007879053242504597,1.2250735759735107,0.019048310816287994
843,0.25645074248313904,0.007609301712363958,1.2518163919448853,0.019444512203335762
844,0.2643512487411499,0.010879484005272388,1.278238296508789,0.01893062423914671
845,0.2705589830875397,0.010157623328268528,1.312164306640625,0.018939483910799026
846,0.26688697934150696,0.011331467889249325,1.2891089916229248,0.018964387476444244
847,0.26004451513290405,0.008229801431298256,1.2673033475875854,0.019543739967048168
848,0.2550577223300934,0.008589223027229309,1.240931749343872,0.019059821031987667
849,0.2513594329357147,0.0065968092530965805,1.230409860610962,0.01896941289305687
850,0.24930237233638763,0.006802223157137632,1.2193028926849365,0.019002766348421574
851,0.24886538088321686,0.006731275934726,1.2174017429351807,0.019049206748604774
852,0.2504759132862091,0.0064544156193733215,1.2265619039535522,0.019149904139339924
853,0.2528236210346222,0.007656795904040337,1.2334909439086914,0.019077111966907978
854,0.25343063473701477,0.006954762153327465,1.2393341064453125,0.019809313118457794
855,0.25672322511672974,0.008726885542273521,1.2487086057662964,0.019025265239179134
856,0.25219714641571045,0.007118843030184507,1.2325103282928467,0.01903795264661312
857,0.25405317544937134,0.008266680873930454,1.237199068069458,0.019170469604432583
858,0.2500816881656647,0.006691846996545792,1.223641037940979,0.019690480083227158
859,0.2521166205406189,0.00727732852101326,1.2314738035202026,0.018936784006655216
860,0.24924495816230774,0.006637762300670147,1.219673752784729,0.018924206495285034
861,0.24888604879379272,0.00644695945084095,1.2186423540115356,0.018940494395792484
862,0.2532742917537689,0.007548037450760603,1.236179232597351,0.018947205506265163
863,0.254406213760376,0.0072233411483466625,1.2431377172470093,0.018964660353958607
864,0.26144304871559143,0.009759528562426567,1.2681771516799927,0.01898821722716093
865,0.26303914189338684,0.008964404463768005,1.2793381214141846,0.018958695232868195
866,0.26518043875694275,0.01087211538106203,1.2824137210845947,0.018986712209880352
867,0.25702038407325745,0.007722938898950815,1.254210114479065,0.019026651978492737
868,0.2526162564754486,0.00780606921762228,1.2318569421768188,0.019120631739497185
869,0.2488362193107605,0.0064819916151463985,1.2182531356811523,0.01967945136129856
870,0.24858257174491882,0.0065245311707258224,1.2168147563934326,0.019100195728242397
871,0.2511482834815979,0.007469718810170889,1.2258625030517578,0.019097670912742615
872,0.25695693492889404,0.007306745741516352,1.255557656288147,0.01916029490530491
873,0.262808620929718,0.010273722931742668,1.2729482650756836,0.01950394082814455
874,0.26780250668525696,0.009660257957875729,1.3003714084625244,0.018946201540529728
875,0.2650291621685028,0.01068577729165554,1.2824026346206665,0.01893572974950075
876,0.2570483386516571,0.007621741853654385,1.254754662513733,0.018973867408931255
877,0.2523203194141388,0.007873371243476868,1.2301080226898193,0.018999235704541206
878,0.2483949214220047,0.006414446979761124,1.216316819190979,0.01907465048134327
879,0.2493891566991806,0.006536081433296204,1.2208014726638794,0.01897373329848051
880,0.24924933910369873,0.0067167081870138645,1.2193797826766968,0.01959748100489378
881,0.2502318322658539,0.006511120591312647,1.2251145839691162,0.020663300529122353
882,0.25106438994407654,0.007550041191279888,1.2251218557357788,0.021726693958044052
883,0.2522170841693878,0.006726425141096115,1.2341796159744263,0.022424204275012016
884,0.25301632285118103,0.008048771880567074,1.2328864336013794,0.023847654461860657
885,0.253150075674057,0.006749243009835482,1.2387534379959106,0.021457530558109283
886,0.2519560158252716,0.00786221120506525,1.228331208229065,0.020853780210018158
887,0.252031147480011,0.006757086608558893,1.2331273555755615,0.022071903571486473
888,0.2542027533054352,0.008079655468463898,1.2386951446533203,0.021393093280494213
889,0.2537403404712677,0.006918697152286768,1.2410268783569336,0.023159253410995007
890,0.2553388178348541,0.008192325010895729,1.2439247369766235,0.02157073561102152
891,0.25259560346603394,0.006779540795832872,1.2358598709106445,0.030861501581966877
892,0.25183290243148804,0.007570600602775812,1.228882074356079,0.026091461069881916
893,0.25018176436424255,0.006545176729559898,1.2247281074523926,0.026995348744094372
894,0.2486633062362671,0.007088135927915573,1.2149640321731567,0.02724848035722971
895,0.2504793405532837,0.006385082844644785,1.2268563508987427,0.024814429692924023
896,0.25019243359565735,0.00693477364256978,1.223223090171814,0.023139390163123608
897,0.24897922575473785,0.006423478480428457,1.2192021608352661,0.020669152960181236
898,0.24935466051101685,0.006661151070147753,1.2201286554336548,0.021642270497977734
899,0.24772696197032928,0.006422964856028557,1.2129429578781128,0.020064150914549828
900,0.24972140789031982,0.006499549839645624,1.2226088047027588,0.0218157060444355
901,0.24827931821346283,0.006554873660206795,1.215177059173584,0.021201517432928085
902,0.24796263873577118,0.00633265683427453,1.2144825458526611,0.02234734781086445
903,0.2508150339126587,0.006885170470923185,1.2265344858169556,0.022111973725259304
904,0.2490711510181427,0.006342025473713875,1.2199876308441162,0.02184871956706047
905,0.25011953711509705,0.007002558559179306,1.2225874662399292,0.023709389381110668
906,0.25222769379615784,0.006433743052184582,1.2354035377502441,0.023965559899806976
907,0.2513860762119293,0.007902969606220722,1.2253185510635376,0.023461397737264633
908,0.254378080368042,0.007310305722057819,1.2426490783691406,0.02119573764503002
909,0.26244014501571655,0.010122471489012241,1.2717108726501465,0.020588352344930172
910,0.2643740177154541,0.008892158046364784,1.2863013744354248,0.020443083718419075
911,0.2645053565502167,0.010856851935386658,1.2790993452072144,0.020137426443398
912,0.26064056158065796,0.008533946238458157,1.2690670490264893,0.02108986396342516
913,0.2595726251602173,0.009620382450520992,1.259381651878357,0.02145362924784422
914,0.25768834352493286,0.0077707404270768166,1.2573587894439697,0.021118822507560253
915,0.2559454143047333,0.008937538601458073,1.2439769506454468,0.021905289962887764
916,0.25358906388282776,0.007194189354777336,1.2391685247421265,0.02118081972002983
917,0.25578272342681885,0.008452188223600388,1.2451049089431763,0.021459441632032394
918,0.2541385293006897,0.007157642859965563,1.2420620918273926,0.02211060654371977
919,0.252745658159256,0.008158775977790356,1.231093168258667,0.02382789831608534
920,0.25230181217193604,0.006717033218592405,1.2346409559249878,0.0246472405269742
921,0.25172141194343567,0.007689275778830051,1.2278499603271484,0.02302469313144684
922,0.2512216567993164,0.00657797371968627,1.229796290397644,0.020775736309587955
923,0.24852129817008972,0.007102557923644781,1.2141962051391602,0.024831674993038177
924,0.248246431350708,0.00632143160328269,1.2159464359283447,0.023432532325387
925,0.24955308437347412,0.006867751944810152,1.2202943563461304,0.020362623035907745
926,0.2494618445634842,0.006393388379365206,1.2217357158660889,0.022105778567492962
927,0.2487601935863495,0.0064763654954731464,1.2178955078125,0.020121891982853413
928,0.24937757849693298,0.0069629424251616,1.2190361022949219,0.021533078514039516
929,0.25048959255218506,0.006626103073358536,1.2259435653686523,0.020506735891103745
930,0.2549779415130615,0.008622572757303715,1.2403993606567383,0.02255554124712944
931,0.2605571746826172,0.00841301679611206,1.2691338062286377,0.02037990093231201
932,0.2658691108226776,0.01134200394153595,1.2839775085449219,0.02239312045276165
933,0.2682761251926422,0.009850961156189442,1.3019766807556152,0.02049743290990591
934,0.26541203260421753,0.011059805750846863,1.2828209400177002,0.022291330620646477
935,0.2565501630306244,0.007731033023446798,1.2518267631530762,0.020168070681393147
936,0.25261178612709045,0.008360601961612701,1.2296165227890015,0.022560915909707546
937,0.25080811977386475,0.006614736746996641,1.2275817394256592,0.020753447897732258
938,0.25137564539909363,0.007241238374263048,1.2279132604599,0.022445657290518284
939,0.2491442710161209,0.006510770879685879,1.219678282737732,0.022118166089057922
940,0.24968655407428741,0.006482962053269148,1.2225009202957153,0.023636553436517715
941,0.2503349184989929,0.007169135846197605,1.222998023033142,0.0235812459141016
942,0.25100770592689514,0.00650358572602272,1.2290241718292236,0.020621336065232754
943,0.2513388991355896,0.007559699006378651,1.2264556884765625,0.021666173823177814
944,0.251783162355423,0.006749788299202919,1.2319166660308838,0.020332178100943565
945,0.25216132402420044,0.008127251639962196,1.2282975912094116,0.021262899972498417
946,0.2541728615760803,0.007103573530912399,1.2424499988555908,0.020017319358885288
947,0.2561320662498474,0.008980541490018368,1.2447381019592285,0.02119704894721508
948,0.26097729802131653,0.008017409592866898,1.272816777229309,0.02046881429851055
949,0.26361972093582153,0.010382840409874916,1.2765672206878662,0.02276164200156927
950,0.25995495915412903,0.008205908350646496,1.266951084136963,0.020525417290627956
951,0.25551488995552063,0.008824238553643227,1.2422775030136108,0.02226129360496998
952,0.25235259532928467,0.006690713111311197,1.2350001335144043,0.02091770526021719
953,0.24964570999145508,0.007036782801151276,1.2200814485549927,0.02249483298510313
954,0.24740441143512726,0.0063881282694637775,1.2114695310592651,0.022240093909204006
955,0.25143733620643616,0.006411399692296982,1.2315410375595093,0.022500148974359035
956,0.2513047754764557,0.007397663779556751,1.2269331216812134,0.024300048127770424
957,0.2529609501361847,0.006686477456241846,1.2380588054656982,0.020805586129426956
958,0.2547949552536011,0.008323782123625278,1.2406796216964722,0.02331731840968132
959,0.25625327229499817,0.007596209645271301,1.250881552696228,0.024509942159056664
960,0.25760701298713684,0.009237052872776985,1.2510868310928345,0.02226758562028408
961,0.258876770734787,0.007726194337010384,1.2634791135787964,0.021780287846922874
962,0.25509077310562134,0.0089764054864645,1.2395482063293457,0.023670248687267303
963,0.25767016410827637,0.0074896314181387424,1.258392333984375,0.023609299212694168
964,0.25579169392585754,0.008782927878201008,1.2438267469406128,0.023556736297905445
965,0.25538235902786255,0.007123976014554501,1.2484158277511597,0.02145568747073412
966,0.25252631306648254,0.008088001981377602,1.230279564857483,0.022374195978045464
967,0.25296732783317566,0.006895950064063072,1.2372528314590454,0.023460392840206623
968,0.2504514157772064,0.00720974849537015,1.2234179973602295,0.021321632899343967
969,0.24956738948822021,0.006681378930807114,1.2211114168167114,0.02255419548600912
970,0.24892885982990265,0.0068350546061992645,1.2173041105270386,0.022056163288652897
971,0.24884997308254242,0.006533605977892876,1.2181154489517212,0.020412752404808998
972,0.2490573525428772,0.006549442186951637,1.2190890312194824,0.022612799890339375
973,0.24957941472530365,0.006950773298740387,1.2200939655303955,0.020807724446058273
974,0.25230005383491516,0.006759409327059984,1.2344626188278198,0.022043642587959766
975,0.2508942484855652,0.007333650253713131,1.225136637687683,0.020568023435771465
976,0.252126008272171,0.006814260501414537,1.2333730459213257,0.023469511419534683
977,0.25228825211524963,0.008102955296635628,1.2290294170379639,0.02283579111099243
978,0.2538953721523285,0.006933572236448526,1.241742491722107,0.02063648495823145
979,0.2544022500514984,0.008536642417311668,1.23786461353302,0.023816101253032684
980,0.252746045589447,0.0069323196075856686,1.236000895500183,0.02288293931633234
981,0.25739866495132446,0.00897387508302927,1.2510976791381836,0.02118784561753273
982,0.2589148283004761,0.007829166948795319,1.263257384300232,0.02169185411185026
983,0.26108136773109436,0.009969323873519897,1.2655295133590698,0.019939929246902466
984,0.2593432068824768,0.008218282833695412,1.2638428211212158,0.021335484459996223
985,0.2577555775642395,0.009069892577826977,1.2524982690811157,0.020227590575814247
986,0.25345396995544434,0.0070748538710176945,1.238970398902893,0.020587955601513386
987,0.2512209713459015,0.007538627367466688,1.2259503602981567,0.021049550734460354
988,0.25061482191085815,0.006403931882232428,1.2274583578109741,0.022555962204933167
989,0.24744224548339844,0.006451218854635954,1.2114063501358032,0.021290325559675694
990,0.25028616189956665,0.007399485446512699,1.2218328714370728,0.02179108466953039
991,0.25433507561683655,0.007177674677222967,1.2429646253585815,0.020951341837644577
992,0.2614041864871979,0.010097412392497063,1.2666312456130981,0.02147105149924755
993,0.2643257975578308,0.00929380301386118,1.2844537496566772,0.021180957555770874
994,0.2647540867328644,0.010849470272660255,1.2803726196289062,0.020956669934093952
995,0.25992637872695923,0.008024517446756363,1.2675338983535767,0.022002330981194973
996,0.25438785552978516,0.008441430516541004,1.2381736040115356,0.022823412902653217
997,0.25007709860801697,0.00635104114189744,1.2249813079833984,0.020778712816536427
998,0.24857157468795776,0.006643456872552633,1.2162840366363525,0.021064136177301407
999,0.2500845789909363,0.007079420145601034,1.2221052646636963,0.019962314516305923
1000,0.25265398621559143,0.0067912014201283455,1.23610520362854,0.02087434194982052
